country_node_id,country_alpha2,springrank_score,flow_out,flow_in,flow_self,flow_total,year_center,window_start_year,window_end_year_excl,window_width,window_mode,springrank_rank
47,ng,0.45337280159874155,531.0,161.0,4300.0,4992.0,2007,2006,2009,3,center_right,15
68,ru,0.4340720665867094,1019.0,471.0,7341.0,8831.0,2007,2006,2009,3,center_right,18
8,in,0.4078594367181322,3358.0,1128.0,30666.0,35152.0,2007,2006,2009,3,center_right,19
41,ua,0.40122219732290726,408.0,223.0,7338.0,7969.0,2007,2006,2009,3,center_right,20
31,pk,0.34639572042816247,680.0,257.0,3215.0,4152.0,2007,2006,2009,3,center_right,28
35,cn,0.3370279200282131,3855.0,1486.0,17055.0,22396.0,2007,2006,2009,3,center_right,30
110,bd,0.28898213986956,501.0,233.0,2216.0,2950.0,2007,2006,2009,3,center_right,42
64,co,0.2846322076486121,2051.0,1028.0,15401.0,18480.0,2007,2006,2009,3,center_right,43
117,id,0.2831223750941099,928.0,388.0,5873.0,7189.0,2007,2006,2009,3,center_right,46
63,ir,0.2705816624249895,667.0,324.0,5339.0,6330.0,2007,2006,2009,3,center_right,49
22,pe,0.24864055783845918,698.0,385.0,7336.0,8419.0,2007,2006,2009,3,center_right,54
18,eg,0.2078299914244779,834.0,446.0,3718.0,4998.0,2007,2006,2009,3,center_right,62
60,pl,0.183754006266647,856.0,525.0,5902.0,7283.0,2007,2006,2009,3,center_right,71
49,ec,0.17510654907044226,404.0,277.0,2917.0,3598.0,2007,2006,2009,3,center_right,73
27,tr,0.15401306863703876,1111.0,670.0,8619.0,10400.0,2007,2006,2009,3,center_right,81
7,br,0.12467389235151985,2443.0,1710.0,49718.0,53871.0,2007,2006,2009,3,center_right,88
87,cl,0.10192023816900986,929.0,696.0,3506.0,5131.0,2007,2006,2009,3,center_right,101
29,ar,0.07138358519459546,669.0,565.0,3677.0,4911.0,2007,2006,2009,3,center_right,113
36,mx,0.0060652505236791976,1323.0,1194.0,9529.0,12046.0,2007,2006,2009,3,center_right,123
93,pt,-0.021268166338979995,1765.0,1565.0,15309.0,18639.0,2007,2006,2009,3,center_right,130
28,de,-0.024676148657274233,4634.0,4602.0,7999.0,17235.0,2007,2006,2009,3,center_right,133
45,jp,-0.02485150251886731,1861.0,2032.0,7242.0,11135.0,2007,2006,2009,3,center_right,134
39,it,-0.02802412067695955,2644.0,2476.0,11971.5,17091.5,2007,2006,2009,3,center_right,136
13,gr,-0.03312415013115946,798.0,674.0,2697.0,4169.0,2007,2006,2009,3,center_right,139
23,fr,-0.05202336855157165,4067.0,4292.0,9569.0,17928.0,2007,2006,2009,3,center_right,144
97,kr,-0.08780647155865753,1175.0,1317.0,4527.0,7019.0,2007,2006,2009,3,center_right,151
103,be,-0.08897058710623662,996.0,1151.0,2096.0,4243.0,2007,2006,2009,3,center_right,152
11,at,-0.09313599594574909,767.0,875.0,1629.0,3271.0,2007,2006,2009,3,center_right,153
9,nl,-0.11576174739402473,1619.0,1976.0,3196.0,6791.0,2007,2006,2009,3,center_right,158
10,ca,-0.12780281832732526,2569.0,3015.0,6327.0,11911.0,2007,2006,2009,3,center_right,160
1,us,-0.1377339145849712,11197.0,15175.0,62516.0,88888.0,2007,2006,2009,3,center_right,165
12,fi,-0.14812291072637224,394.0,494.0,1888.0,2776.0,2007,2006,2009,3,center_right,167
37,za,-0.15362638469161133,575.0,824.0,4136.0,5535.0,2007,2006,2009,3,center_right,169
74,my,-0.15861327656243607,716.0,991.0,3163.0,4870.0,2007,2006,2009,3,center_right,170
2,gb,-0.16758123416217435,7503.0,10015.0,19963.5,37481.5,2007,2006,2009,3,center_right,172
42,se,-0.16873996990549064,1081.0,1463.0,3182.0,5726.0,2007,2006,2009,3,center_right,173
73,dk,-0.17143697374447542,550.0,662.0,2175.0,3387.0,2007,2006,2009,3,center_right,174
15,es,-0.18120545931083754,3632.0,5436.0,24378.0,33446.0,2007,2006,2009,3,center_right,176
14,ch,-0.18160176410270598,1457.0,1877.0,2311.0,5645.0,2007,2006,2009,3,center_right,177
90,ie,-0.19916364810921594,656.0,819.0,1564.0,3039.0,2007,2006,2009,3,center_right,182
75,tw,-0.20967522969071192,534.0,716.0,2378.0,3628.0,2007,2006,2009,3,center_right,184
3,au,-0.2711626786300312,1924.0,3177.0,8732.0,13833.0,2007,2006,2009,3,center_right,194
24,ng,0.46302100593349943,685.0,198.0,4923.0,5806.0,2008,2007,2010,3,center_right,16
21,ru,0.433936969548078,1076.0,504.0,7894.0,9474.0,2008,2007,2010,3,center_right,17
35,in,0.41384863296196517,4122.0,1352.0,35131.5,40605.5,2008,2007,2010,3,center_right,19
77,ua,0.3922769485637188,415.0,235.0,7555.5,8205.5,2008,2007,2010,3,center_right,22
13,bd,0.37865441093808233,676.0,248.0,2602.0,3526.0,2008,2007,2010,3,center_right,25
65,pk,0.359633454345835,868.0,311.0,3729.0,4908.0,2008,2007,2010,3,center_right,28
51,ir,0.33237123493883625,835.0,355.0,6368.5,7558.5,2008,2007,2010,3,center_right,34
16,cn,0.31784179870019763,4694.0,1891.0,18512.5,25097.5,2008,2007,2010,3,center_right,37
11,co,0.30577683514113535,2443.0,1142.0,17587.0,21172.0,2008,2007,2010,3,center_right,39
38,id,0.3022650574028382,1066.0,426.0,6938.5,8430.5,2008,2007,2010,3,center_right,40
49,eg,0.2782519188304126,1088.0,503.0,4147.0,5738.0,2008,2007,2010,3,center_right,44
31,pe,0.2115613233409748,767.0,458.0,8355.0,9580.0,2008,2007,2010,3,center_right,60
46,pl,0.16745522121074288,944.0,590.0,6326.0,7860.0,2008,2007,2010,3,center_right,76
69,tr,0.1532100422056686,1291.0,791.0,9926.0,12008.0,2008,2007,2010,3,center_right,81
8,cl,0.13195336988235992,1084.0,750.0,3932.0,5766.0,2008,2007,2010,3,center_right,86
14,br,0.11689555124069416,2914.0,2057.0,57087.0,62058.0,2008,2007,2010,3,center_right,88
37,ec,0.08513010930906802,463.0,373.0,3572.0,4408.0,2008,2007,2010,3,center_right,98
67,ar,0.025755281062753228,699.0,653.0,4100.0,5452.0,2008,2007,2010,3,center_right,112
92,mx,0.018119057639910608,1449.0,1261.0,10840.0,13550.0,2008,2007,2010,3,center_right,113
7,it,0.0039040379810295657,3123.0,2727.0,12934.0,18784.0,2008,2007,2010,3,center_right,119
70,gr,-0.006455348822787389,876.0,696.0,2975.0,4547.0,2008,2007,2010,3,center_right,123
32,jp,-0.027197640020490497,1974.0,2193.0,7687.0,11854.0,2008,2007,2010,3,center_right,128
25,pt,-0.03497348920327303,2011.0,1834.0,17192.0,21037.0,2008,2007,2010,3,center_right,131
3,de,-0.03968180282490648,5116.0,5249.0,9056.0,19421.0,2008,2007,2010,3,center_right,134
1,fr,-0.06458351206958153,4554.0,4942.0,10551.0,20047.0,2008,2007,2010,3,center_right,138
60,kr,-0.07598513600990904,1360.0,1548.0,4887.0,7795.0,2008,2007,2010,3,center_right,142
6,be,-0.08672879335886871,1127.0,1295.0,2287.0,4709.0,2008,2007,2010,3,center_right,145
29,at,-0.0886926324937408,889.0,995.0,1870.0,3754.0,2008,2007,2010,3,center_right,146
15,ca,-0.1005804387907991,2897.0,3238.0,6845.0,12980.0,2008,2007,2010,3,center_right,148
41,nl,-0.12969556031268303,1777.0,2252.0,3564.0,7593.0,2008,2007,2010,3,center_right,155
9,us,-0.1339085479240905,12435.0,17020.0,68307.0,97762.0,2008,2007,2010,3,center_right,157
18,my,-0.14115077952343236,909.0,1293.0,3658.0,5860.0,2008,2007,2010,3,center_right,159
107,za,-0.14941238535766188,644.0,938.0,4715.5,6297.5,2008,2007,2010,3,center_right,160
5,fi,-0.15062100275227014,438.0,559.0,2217.0,3214.0,2008,2007,2010,3,center_right,161
4,gb,-0.16744343269431441,8402.0,11366.0,22096.0,41864.0,2008,2007,2010,3,center_right,164
48,ie,-0.17766227660669334,742.0,895.0,1712.0,3349.0,2008,2007,2010,3,center_right,167
158,tw,-0.18942415735687793,572.0,768.0,2603.0,3943.0,2008,2007,2010,3,center_right,172
23,es,-0.18968123788183114,4225.0,6437.0,27559.0,38221.0,2008,2007,2010,3,center_right,173
2,se,-0.19221363372794764,1196.0,1716.0,3450.0,6362.0,2008,2007,2010,3,center_right,175
55,ch,-0.20783996075111294,1632.0,2215.0,2643.0,6490.0,2008,2007,2010,3,center_right,182
47,dk,-0.22065071234318098,612.0,816.0,2466.0,3894.0,2008,2007,2010,3,center_right,183
33,au,-0.274475986575984,2140.0,3608.0,9643.0,15391.0,2008,2007,2010,3,center_right,197
10,ng,0.4597422059495387,849.0,233.0,5777.5,6859.5,2009,2008,2011,3,center_right,20
18,ru,0.3987044734299605,1157.0,561.0,8699.5,10417.5,2009,2008,2011,3,center_right,25
17,in,0.394583076226371,4872.0,1634.0,40158.5,46664.5,2009,2008,2011,3,center_right,26
66,pk,0.35993905950835636,1069.0,369.0,4360.0,5798.0,2009,2008,2011,3,center_right,31
46,ir,0.3586198209519717,1065.0,405.0,7737.5,9207.5,2009,2008,2011,3,center_right,32
91,ua,0.35146571697972995,457.0,264.0,7860.0,8581.0,2009,2008,2011,3,center_right,34
24,bd,0.3457505827061992,847.0,320.0,3194.0,4361.0,2009,2008,2011,3,center_right,36
2,cn,0.2922388882981294,5903.5,2437.0,20355.5,28696.0,2009,2008,2011,3,center_right,44
13,co,0.2791426555298878,2851.0,1368.0,20862.0,25081.0,2009,2008,2011,3,center_right,48
49,eg,0.27142157990605886,1284.0,585.0,4666.0,6535.0,2009,2008,2011,3,center_right,50
69,id,0.24181153639651143,1230.0,555.0,8505.5,10290.5,2009,2008,2011,3,center_right,51
67,pe,0.15650092196545817,847.0,553.0,9542.5,10942.5,2009,2008,2011,3,center_right,70
29,tr,0.1432269771510058,1490.0,910.0,11449.0,13849.0,2009,2008,2011,3,center_right,75
16,pl,0.12724169508326832,1034.0,678.0,6872.0,8584.0,2009,2008,2011,3,center_right,82
34,cl,0.09871443730181595,1227.0,880.0,4423.0,6530.0,2009,2008,2011,3,center_right,88
23,ec,0.08428548875339267,571.0,447.0,4293.0,5311.0,2009,2008,2011,3,center_right,92
4,br,0.06933804234453879,3300.0,2476.0,68305.0,74081.0,2009,2008,2011,3,center_right,97
1,it,0.01880864983874184,3572.0,2915.0,14037.0,20524.0,2009,2008,2011,3,center_right,118
132,gr,0.004739052542936052,962.0,732.0,3164.0,4858.0,2009,2008,2011,3,center_right,123
79,ar,0.0036794761549138926,782.0,754.0,4597.0,6133.0,2009,2008,2011,3,center_right,124
20,mx,0.0030519025750712007,1595.0,1406.0,12364.0,15365.0,2009,2008,2011,3,center_right,126
25,jp,-0.06080184590119907,2152.0,2506.0,8270.0,12928.0,2009,2008,2011,3,center_right,139
22,de,-0.06579072740881306,5764.0,6031.0,10301.5,22096.5,2009,2008,2011,3,center_right,143
19,pt,-0.07369021544279233,2251.0,2167.0,19466.0,23884.0,2009,2008,2011,3,center_right,145
11,be,-0.08466460543750272,1344.0,1492.0,2514.0,5350.0,2009,2008,2011,3,center_right,149
48,fr,-0.08652299064698325,5004.0,5510.0,11388.0,21902.0,2009,2008,2011,3,center_right,150
30,kr,-0.09243253983549667,1507.0,1766.0,5490.0,8763.0,2009,2008,2011,3,center_right,153
21,ca,-0.11309804897601974,3173.0,3547.0,7575.5,14295.5,2009,2008,2011,3,center_right,156
6,my,-0.1297813104642219,1165.0,1632.0,4162.0,6959.0,2009,2008,2011,3,center_right,160
9,at,-0.13257265276428942,967.0,1138.0,2127.0,4232.0,2009,2008,2011,3,center_right,161
3,us,-0.14494573814734021,13949.0,19049.5,74891.5,107890.0,2009,2008,2011,3,center_right,163
12,nl,-0.1555487645363366,2034.0,2638.0,3970.0,8642.0,2009,2008,2011,3,center_right,166
71,za,-0.16554974650499354,724.0,1078.0,5367.5,7169.5,2009,2008,2011,3,center_right,168
52,fi,-0.17178100289234075,505.0,656.0,2591.0,3752.0,2009,2008,2011,3,center_right,173
35,ie,-0.1731003859157423,854.0,999.0,1912.0,3765.0,2009,2008,2011,3,center_right,174
7,gb,-0.17425440441109408,9604.0,12897.0,24588.0,47089.0,2009,2008,2011,3,center_right,175
14,es,-0.1961990712027861,4908.0,7323.0,31034.0,43265.0,2009,2008,2011,3,center_right,183
153,tw,-0.1999648945245506,637.0,868.0,2920.0,4425.0,2009,2008,2011,3,center_right,185
5,se,-0.21754091517322946,1419.0,2120.0,3936.0,7475.0,2009,2008,2011,3,center_right,187
53,ch,-0.24926579523254722,1811.0,2593.0,3056.0,7460.0,2009,2008,2011,3,center_right,193
26,dk,-0.2894452969391881,686.0,1034.0,2829.0,4549.0,2009,2008,2011,3,center_right,202
8,au,-0.2966143540840867,2422.0,4140.0,10916.0,17478.0,2009,2008,2011,3,center_right,205
47,ng,0.4391660411656252,1058.0,328.0,6794.0,8180.0,2010,2009,2012,3,center_right,16
100,ir,0.42043110784982496,1375.0,459.0,8860.5,10694.5,2010,2009,2012,3,center_right,19
17,ru,0.4121931454621815,1264.0,605.0,9644.5,11513.5,2010,2009,2012,3,center_right,20
6,in,0.39627062283660963,5597.0,1966.0,45649.5,53212.5,2010,2009,2012,3,center_right,22
35,bd,0.3793234152161421,988.0,356.0,3761.0,5105.0,2010,2009,2012,3,center_right,26
123,ua,0.3562877032623897,505.0,290.0,8360.5,9155.5,2010,2009,2012,3,center_right,30
36,pk,0.3551267562158565,1251.0,468.0,5080.0,6799.0,2010,2009,2012,3,center_right,31
11,id,0.30819075668879425,1436.0,584.0,9437.0,11457.0,2010,2009,2012,3,center_right,40
4,co,0.30669111595296955,3262.0,1569.0,23834.0,28665.0,2010,2009,2012,3,center_right,41
33,cn,0.29876371471747615,7264.5,3093.0,22686.0,33043.5,2010,2009,2012,3,center_right,42
24,eg,0.260938894421091,1448.0,689.0,5205.0,7342.0,2010,2009,2012,3,center_right,52
86,pe,0.17973697941818287,955.0,633.0,10758.0,12346.0,2010,2009,2012,3,center_right,71
102,ec,0.1578187429331145,735.0,530.0,4989.0,6254.0,2010,2009,2012,3,center_right,75
56,tr,0.15138547564330213,1799.0,1126.0,13435.0,16360.0,2010,2009,2012,3,center_right,77
85,cl,0.10727924968028424,1362.0,1026.0,4941.0,7329.0,2010,2009,2012,3,center_right,91
87,pl,0.0847601649374393,1038.0,779.0,7594.0,9411.0,2010,2009,2012,3,center_right,96
16,it,0.07301525560069014,4228.0,3220.0,15038.0,22486.0,2010,2009,2012,3,center_right,99
13,br,0.07102283828954935,3723.0,2922.0,77484.0,84129.0,2010,2009,2012,3,center_right,101
88,gr,0.06263021224537176,1073.0,760.0,3369.0,5202.0,2010,2009,2012,3,center_right,106
14,mx,0.014490308629101568,1751.0,1625.0,13797.5,17173.5,2010,2009,2012,3,center_right,121
59,ar,0.008306216943300757,895.0,922.0,5058.0,6875.0,2010,2009,2012,3,center_right,123
19,jp,-0.050762133353330394,2372.0,2859.0,8895.0,14126.0,2010,2009,2012,3,center_right,135
20,de,-0.06579306268442249,6444.0,6988.0,11864.5,25296.5,2010,2009,2012,3,center_right,141
8,fr,-0.0746850568895494,5493.0,6129.0,12594.0,24216.0,2010,2009,2012,3,center_right,146
51,kr,-0.07991239295463592,1679.0,1991.0,6050.0,9720.0,2010,2009,2012,3,center_right,147
15,pt,-0.08405100825786872,2459.0,2583.0,21364.0,26406.0,2010,2009,2012,3,center_right,149
2,ie,-0.0969874812172719,997.0,1051.0,2117.0,4165.0,2010,2009,2012,3,center_right,153
23,ca,-0.10767739293936515,3443.0,3970.0,8391.5,15804.5,2010,2009,2012,3,center_right,157
46,at,-0.11874968157527886,1118.0,1301.0,2520.0,4939.0,2010,2009,2012,3,center_right,159
66,my,-0.11876381576116163,1289.0,1922.0,4630.0,7841.0,2010,2009,2012,3,center_right,160
40,be,-0.11961763181363037,1450.0,1800.0,2812.0,6062.0,2010,2009,2012,3,center_right,161
45,nl,-0.12635834384409803,2378.0,2997.0,4586.0,9961.0,2010,2009,2012,3,center_right,163
18,us,-0.12743173326873197,15630.0,21525.5,83282.5,120438.0,2010,2009,2012,3,center_right,165
9,gb,-0.1351465994568876,10982.0,14208.0,27790.0,52980.0,2010,2009,2012,3,center_right,167
26,es,-0.14823196222775,5657.0,7985.0,34517.0,48159.0,2010,2009,2012,3,center_right,172
54,tw,-0.16358979240976604,702.0,938.0,3245.0,4885.0,2010,2009,2012,3,center_right,176
76,za,-0.1860094003331892,797.0,1257.0,6230.5,8284.5,2010,2009,2012,3,center_right,183
21,fi,-0.18615680002192062,571.0,800.0,2917.0,4288.0,2010,2009,2012,3,center_right,184
41,se,-0.21570151604380966,1625.0,2515.0,4505.0,8645.0,2010,2009,2012,3,center_right,191
25,ch,-0.2565007259907181,2004.0,3046.0,3436.0,8486.0,2010,2009,2012,3,center_right,199
52,dk,-0.26496393138430835,817.0,1228.0,3393.0,5438.0,2010,2009,2012,3,center_right,202
64,au,-0.2696651458642623,2755.0,4696.0,12276.0,19727.0,2010,2009,2012,3,center_right,203
36,ng,0.4166903235503217,1303.0,411.0,7958.0,9672.0,2011,2010,2013,3,center_right,13
43,ir,0.4139776686548413,1737.0,544.0,10300.0,12581.0,2011,2010,2013,3,center_right,14
57,ua,0.36346445953743284,580.0,292.0,8959.0,9831.0,2011,2010,2013,3,center_right,16
37,ru,0.3579444627294635,1372.0,689.0,10915.5,12976.5,2011,2010,2013,3,center_right,19
8,in,0.34046391908313905,6374.0,2453.0,52427.0,61254.0,2011,2010,2013,3,center_right,23
12,bd,0.3023471543542162,1071.0,439.0,4376.0,5886.0,2011,2010,2013,3,center_right,30
26,pk,0.28966834528521174,1462.0,621.0,6061.0,8144.0,2011,2010,2013,3,center_right,34
53,co,0.2842371323312879,3775.0,1901.0,26911.0,32587.0,2011,2010,2013,3,center_right,36
30,id,0.28412513923804755,1672.0,676.0,10504.5,12852.5,2011,2010,2013,3,center_right,37
3,cn,0.2764655013324308,8835.5,3800.0,25827.5,38463.0,2011,2010,2013,3,center_right,41
95,eg,0.19019700237646672,1569.0,809.0,5960.0,8338.0,2011,2010,2013,3,center_right,60
46,pe,0.15922843156460387,1067.0,723.0,12352.0,14142.0,2011,2010,2013,3,center_right,71
65,ec,0.15758581599097696,912.0,652.0,5639.0,7203.0,2011,2010,2013,3,center_right,72
74,gr,0.1553545444785631,1368.0,774.0,3593.0,5735.0,2011,2010,2013,3,center_right,73
64,tr,0.09907296620600947,1975.0,1339.0,15462.0,18776.0,2011,2010,2013,3,center_right,89
15,it,0.07545637107937572,4867.5,3596.0,16894.0,25357.5,2011,2010,2013,3,center_right,96
51,cl,0.07532096446501514,1527.0,1227.0,5550.0,8304.0,2011,2010,2013,3,center_right,97
6,br,0.06911039995318531,4354.0,3327.0,87594.0,95275.0,2011,2010,2013,3,center_right,101
18,pl,0.035327769184337984,1092.0,871.0,8541.0,10504.0,2011,2010,2013,3,center_right,111
19,mx,-0.007602947664554114,1924.0,1865.0,15473.5,19262.5,2011,2010,2013,3,center_right,124
21,ar,-0.008915835817117586,1010.0,1084.0,5764.5,7858.5,2011,2010,2013,3,center_right,126
9,fr,-0.07447136480298934,6187.0,6697.0,13763.0,26647.0,2011,2010,2013,3,center_right,148
32,ie,-0.07737989197156553,1155.0,1132.0,2375.0,4662.0,2011,2010,2013,3,center_right,149
33,jp,-0.08326786946767063,2635.0,3243.5,9804.0,15682.5,2011,2010,2013,3,center_right,150
10,de,-0.0987872571502105,7242.0,8065.0,13674.5,28981.5,2011,2010,2013,3,center_right,154
7,pt,-0.12586291628110968,2736.0,3121.0,23401.0,29258.0,2011,2010,2013,3,center_right,160
54,es,-0.1312306416706943,6538.0,8627.5,37789.0,52954.5,2011,2010,2013,3,center_right,162
23,ca,-0.1332021154280548,3887.5,4534.0,9540.5,17962.0,2011,2010,2013,3,center_right,163
24,kr,-0.13411573128878113,1857.0,2360.0,6952.0,11169.0,2011,2010,2013,3,center_right,164
25,gb,-0.1352626433220285,12769.0,15976.0,31472.0,60217.0,2011,2010,2013,3,center_right,165
31,be,-0.14114081857208383,1690.0,2149.0,3150.0,6989.0,2011,2010,2013,3,center_right,166
4,nl,-0.14429712187461188,2782.0,3477.0,5157.0,11416.0,2011,2010,2013,3,center_right,168
1,us,-0.14899186949387647,17607.0,24313.5,94473.5,136394.0,2011,2010,2013,3,center_right,169
2,my,-0.15769297270534696,1445.0,2287.0,5130.0,8862.0,2011,2010,2013,3,center_right,173
58,at,-0.15835764092641638,1265.0,1528.0,2901.0,5694.0,2011,2010,2013,3,center_right,174
35,fi,-0.18761791485559112,706.0,952.0,3285.0,4943.0,2011,2010,2013,3,center_right,180
94,tw,-0.1905899837932326,791.0,1075.0,3659.0,5525.0,2011,2010,2013,3,center_right,181
96,za,-0.22715445324278152,894.0,1467.0,7280.0,9641.0,2011,2010,2013,3,center_right,189
14,se,-0.2543073601838296,1824.0,2893.0,5138.0,9855.0,2011,2010,2013,3,center_right,199
16,ch,-0.2744868685892432,2309.0,3513.0,3963.0,9785.0,2011,2010,2013,3,center_right,204
41,dk,-0.2913349190694945,952.0,1473.0,4130.0,6555.0,2011,2010,2013,3,center_right,208
17,au,-0.3101342183108853,3037.0,5461.0,14096.0,22594.0,2011,2010,2013,3,center_right,213
46,ir,0.42594498872727926,2021.0,604.0,11557.0,14182.0,2012,2011,2014,3,center_right,12
35,ng,0.4064837296775614,1658.0,547.0,9101.5,11306.5,2012,2011,2014,3,center_right,14
91,ua,0.389757335151759,652.0,301.0,9479.0,10432.0,2012,2011,2014,3,center_right,16
55,ru,0.32045710288150275,1552.0,837.0,11799.0,14188.0,2012,2011,2014,3,center_right,23
34,in,0.3039166425285639,7117.0,2942.0,59048.0,69107.0,2012,2011,2014,3,center_right,25
15,id,0.29300309344002085,1881.0,736.0,11736.5,14353.5,2012,2011,2014,3,center_right,27
1,co,0.28553963663772297,4230.0,2254.0,29892.0,36376.0,2012,2011,2014,3,center_right,30
25,bd,0.2850776119388513,1244.0,531.0,5021.0,6796.0,2012,2011,2014,3,center_right,31
33,pk,0.2696873763885853,1680.0,759.0,7176.0,9615.0,2012,2011,2014,3,center_right,37
17,cn,0.25285417428887524,10631.0,4837.0,29431.5,44899.5,2012,2011,2014,3,center_right,41
39,gr,0.22598425678597903,1596.0,785.0,3811.0,6192.0,2012,2011,2014,3,center_right,46
3,ec,0.18563886652107162,1174.0,827.0,6532.0,8533.0,2012,2011,2014,3,center_right,60
36,eg,0.17939055972130447,1776.0,921.0,6557.0,9254.0,2012,2011,2014,3,center_right,64
21,pe,0.12390939011454004,1144.0,876.0,14474.0,16494.0,2012,2011,2014,3,center_right,81
2,it,0.09202082414581794,5643.5,4123.0,18418.5,28185.0,2012,2011,2014,3,center_right,90
10,br,0.08454171928441931,5382.0,4062.0,97870.0,107314.0,2012,2011,2014,3,center_right,93
16,cl,0.04486379241383726,1644.0,1475.0,6238.0,9357.0,2012,2011,2014,3,center_right,107
49,tr,0.0435359976016458,2191.0,1715.0,18074.0,21980.0,2012,2011,2014,3,center_right,108
56,mx,0.023840596941556942,2233.0,2124.0,17287.5,21644.5,2012,2011,2014,3,center_right,114
8,pl,0.016586105263501027,1178.0,997.0,9483.0,11658.0,2012,2011,2014,3,center_right,118
77,ar,0.0038937393216028253,1114.0,1226.0,6560.5,8900.5,2012,2011,2014,3,center_right,120
23,ie,-0.03886252842649953,1341.0,1235.0,2675.0,5251.0,2012,2011,2014,3,center_right,136
61,fr,-0.051345519874307646,7126.0,7436.0,15064.0,29626.0,2012,2011,2014,3,center_right,140
6,es,-0.06150185690328241,7901.0,9120.5,40363.0,57384.5,2012,2011,2014,3,center_right,143
62,jp,-0.08566443796356689,2936.0,3577.5,10757.0,17270.5,2012,2011,2014,3,center_right,149
18,pt,-0.10900714785605733,3144.0,3650.0,24868.0,31662.0,2012,2011,2014,3,center_right,157
20,de,-0.10941766714690752,8159.0,9378.0,15789.0,33326.0,2012,2011,2014,3,center_right,158
9,gb,-0.11853254451678971,14674.0,17781.0,35945.0,68400.0,2012,2011,2014,3,center_right,162
38,nl,-0.12864088953834538,3266.0,3941.0,5922.0,13129.0,2012,2011,2014,3,center_right,165
40,ca,-0.13084370904626033,4422.5,5142.0,10880.0,20444.5,2012,2011,2014,3,center_right,166
22,be,-0.1496414029029305,1912.0,2495.0,3753.0,8160.0,2012,2011,2014,3,center_right,175
24,kr,-0.15119898974127788,2094.0,2730.0,7852.0,12676.0,2012,2011,2014,3,center_right,176
5,us,-0.15717944289449626,19899.0,27928.0,107695.5,155522.5,2012,2011,2014,3,center_right,179
26,at,-0.16228197679676729,1442.0,1746.0,3286.0,6474.0,2012,2011,2014,3,center_right,181
122,tw,-0.19263060030969612,895.0,1229.0,4105.0,6229.0,2012,2011,2014,3,center_right,185
13,my,-0.1947554448292438,1543.0,2630.0,5820.0,9993.0,2012,2011,2014,3,center_right,186
7,se,-0.2281946097031543,2086.0,3062.0,5815.0,10963.0,2012,2011,2014,3,center_right,194
76,fi,-0.2291495586166359,790.0,1166.0,3652.0,5608.0,2012,2011,2014,3,center_right,195
99,za,-0.23958884875885197,1024.0,1742.0,8605.0,11371.0,2012,2011,2014,3,center_right,199
11,ch,-0.2562715493347119,2721.0,4039.0,4657.0,11417.0,2012,2011,2014,3,center_right,204
12,dk,-0.287404553922266,1117.0,1733.0,4939.0,7789.0,2012,2011,2014,3,center_right,209
4,au,-0.3166197766951173,3439.0,6283.0,16166.0,25888.0,2012,2011,2014,3,center_right,215
53,ir,0.4386639783412918,2281.0,694.0,13318.5,16293.5,2013,2012,2015,3,center_right,10
70,ua,0.4178284445363172,812.0,366.0,9982.5,11160.5,2013,2012,2015,3,center_right,14
27,ng,0.4148634446847117,2082.0,699.0,10157.0,12938.0,2013,2012,2015,3,center_right,15
8,in,0.31646403866977235,8032.0,3340.0,65740.5,77112.5,2013,2012,2015,3,center_right,26
22,bd,0.3020614823400258,1475.0,634.0,5711.0,7820.0,2013,2012,2015,3,center_right,28
46,ru,0.2853308739556623,1747.0,1062.0,13059.0,15868.0,2013,2012,2015,3,center_right,31
93,gr,0.28102347009919176,1868.0,849.0,4146.0,6863.0,2013,2012,2015,3,center_right,33
21,co,0.278223610768412,4769.0,2813.0,34210.5,41792.5,2013,2012,2015,3,center_right,34
29,id,0.27066709423523483,2071.0,903.0,13772.5,16746.5,2013,2012,2015,3,center_right,38
34,pk,0.2569080821352632,1920.0,938.0,8424.0,11282.0,2013,2012,2015,3,center_right,42
6,cn,0.23656720528304367,12382.0,6071.0,33175.0,51628.0,2013,2012,2015,3,center_right,45
99,eg,0.18541062433842465,2011.0,1077.0,7271.0,10359.0,2013,2012,2015,3,center_right,61
37,ec,0.14365565906264915,1488.0,1248.0,7729.0,10465.0,2013,2012,2015,3,center_right,76
5,br,0.1267443422360174,6872.0,5017.0,113283.0,125172.0,2013,2012,2015,3,center_right,84
35,it,0.12019749615177197,6496.5,4737.0,20975.5,32209.0,2013,2012,2015,3,center_right,86
39,pe,0.1157354806002063,1318.0,1096.0,16982.5,19396.5,2013,2012,2015,3,center_right,87
24,mx,0.04407535630862661,2531.0,2468.0,19429.0,24428.0,2013,2012,2015,3,center_right,111
17,pl,0.04321849915434675,1370.0,1161.0,10377.0,12908.0,2013,2012,2015,3,center_right,113
58,cl,0.04169087969323199,1795.0,1726.0,7135.0,10656.0,2013,2012,2015,3,center_right,114
52,es,0.03062554591226155,9737.0,9627.5,43079.5,62444.0,2013,2012,2015,3,center_right,118
38,ar,0.030273812945209894,1247.0,1379.0,7524.5,10150.5,2013,2012,2015,3,center_right,119
67,tr,-0.005067232465781243,2337.0,2159.0,20870.0,25366.0,2013,2012,2015,3,center_right,134
23,fr,-0.0066147447840621265,8256.0,8227.0,16356.0,32839.0,2013,2012,2015,3,center_right,135
43,ie,-0.03780336334842219,1507.0,1444.0,3061.0,6012.0,2013,2012,2015,3,center_right,141
7,pt,-0.04968495985502093,3670.0,4086.0,26556.5,34312.5,2013,2012,2015,3,center_right,144
42,jp,-0.07525885309520146,3250.0,3946.5,11958.0,19154.5,2013,2012,2015,3,center_right,152
3,nl,-0.08217777199571379,3882.0,4444.0,6611.0,14937.0,2013,2012,2015,3,center_right,155
15,de,-0.10243567896367627,9119.0,10832.0,18132.0,38083.0,2013,2012,2015,3,center_right,162
11,gb,-0.10764635874679333,16478.0,20287.0,41697.0,78462.0,2013,2012,2015,3,center_right,164
20,ca,-0.10872403528797026,5128.5,5920.0,12398.0,23446.5,2013,2012,2015,3,center_right,165
30,be,-0.11355005931750821,2268.0,2885.0,4339.0,9492.0,2013,2012,2015,3,center_right,167
2,kr,-0.13183311806599587,2391.0,3101.0,8916.0,14408.0,2013,2012,2015,3,center_right,171
44,at,-0.14307745105972913,1615.0,1962.0,3695.0,7272.0,2013,2012,2015,3,center_right,175
1,us,-0.14528514122686526,22509.0,31802.0,124072.5,178383.5,2013,2012,2015,3,center_right,177
114,tw,-0.15408203772343937,1058.0,1395.0,4511.0,6964.0,2013,2012,2015,3,center_right,181
33,my,-0.1671251357225337,1811.0,2962.0,6574.0,11347.0,2013,2012,2015,3,center_right,183
47,fi,-0.21118345396020735,924.0,1359.0,4202.0,6485.0,2013,2012,2015,3,center_right,189
14,se,-0.21251972876407735,2364.0,3429.0,6554.0,12347.0,2013,2012,2015,3,center_right,191
19,ch,-0.21256325536845794,3267.0,4615.0,5319.0,13201.0,2013,2012,2015,3,center_right,192
82,za,-0.2154032425610769,1174.0,1995.0,10122.0,13291.0,2013,2012,2015,3,center_right,195
26,dk,-0.270740543777553,1342.0,2092.0,5785.0,9219.0,2013,2012,2015,3,center_right,208
16,au,-0.2959621856277677,4080.0,7362.0,18851.0,30293.0,2013,2012,2015,3,center_right,212
62,ua,0.461303220346723,1047.0,418.0,10709.0,12174.0,2014,2013,2016,3,center_right,9
15,ir,0.41367189330810716,2382.0,773.0,14836.5,17991.5,2014,2013,2016,3,center_right,14
2,ng,0.40474150442310003,2467.0,859.0,11212.0,14538.0,2014,2013,2016,3,center_right,17
26,in,0.33038220698734627,9310.0,3703.0,72014.5,85027.5,2014,2013,2016,3,center_right,24
97,bd,0.31894860933780766,1783.0,715.0,6441.0,8939.0,2014,2013,2016,3,center_right,26
30,pk,0.27602766083776825,2263.0,1054.0,9840.0,13157.0,2014,2013,2016,3,center_right,32
40,co,0.2618099840708675,5456.5,3414.5,39937.5,48808.5,2014,2013,2016,3,center_right,35
42,gr,0.2408440126695812,1959.0,960.0,4354.0,7273.0,2014,2013,2016,3,center_right,38
85,id,0.2363908820729194,2246.0,1055.0,16090.5,19391.5,2014,2013,2016,3,center_right,39
37,ru,0.22568178282086243,1987.0,1380.0,14058.5,17425.5,2014,2013,2016,3,center_right,46
27,eg,0.1970940667325514,2261.0,1196.0,7875.0,11332.0,2014,2013,2016,3,center_right,60
75,cn,0.1964586587183169,14244.0,7508.0,37117.0,58869.0,2014,2013,2016,3,center_right,61
65,it,0.13182359824993317,7627.0,5369.0,23431.0,36427.0,2014,2013,2016,3,center_right,84
19,br,0.12983243098025762,8578.0,6235.0,129140.5,143953.5,2014,2013,2016,3,center_right,86
36,ec,0.11415291946008435,1891.0,1802.0,8840.0,12533.0,2014,2013,2016,3,center_right,90
51,pe,0.10220748630916009,1531.0,1339.0,19964.5,22834.5,2014,2013,2016,3,center_right,96
22,es,0.06992836755841116,11727.0,10522.0,47346.5,69595.5,2014,2013,2016,3,center_right,103
45,pl,0.055962651856723944,1585.0,1330.0,11324.0,14239.0,2014,2013,2016,3,center_right,111
5,mx,0.05513742198848597,2929.0,2843.0,22003.5,27775.5,2014,2013,2016,3,center_right,112
35,ar,0.028030413509903224,1408.0,1555.0,8606.0,11569.0,2014,2013,2016,3,center_right,118
61,cl,0.002567637816445206,1899.0,1992.0,8093.0,11984.0,2014,2013,2016,3,center_right,126
14,fr,-0.003128806660049475,9358.0,9169.0,17775.0,36302.0,2014,2013,2016,3,center_right,128
56,pt,-0.02424296693757059,4227.0,4537.0,27723.0,36487.0,2014,2013,2016,3,center_right,136
20,tr,-0.05470653906214042,2595.0,2658.0,23919.0,29172.0,2014,2013,2016,3,center_right,145
79,ie,-0.05972307820533758,1749.0,1744.0,3471.0,6964.0,2014,2013,2016,3,center_right,147
25,nl,-0.06766599317476021,4541.0,4951.0,7472.0,16964.0,2014,2013,2016,3,center_right,152
48,jp,-0.09305548667217216,3581.0,4387.0,13275.0,21243.0,2014,2013,2016,3,center_right,160
4,ca,-0.10441707420032945,5821.0,6566.0,14297.0,26684.0,2014,2013,2016,3,center_right,162
21,de,-0.11200347604956322,10216.0,12265.0,20803.0,43284.0,2014,2013,2016,3,center_right,163
96,be,-0.12041682321498069,2638.0,3357.0,5031.0,11026.0,2014,2013,2016,3,center_right,167
84,kr,-0.12561055388553896,2687.0,3421.0,9978.0,16086.0,2014,2013,2016,3,center_right,170
6,gb,-0.13259956737310857,18250.0,23398.0,48235.0,89883.0,2014,2013,2016,3,center_right,172
16,at,-0.13650055557873456,1866.0,2204.0,4117.0,8187.0,2014,2013,2016,3,center_right,175
39,my,-0.14258047884586592,2092.0,3204.0,7241.0,12537.0,2014,2013,2016,3,center_right,178
1,tw,-0.15556359237594272,1211.0,1578.0,4806.0,7595.0,2014,2013,2016,3,center_right,185
9,us,-0.15987681252991828,25166.0,36132.0,142679.5,203977.5,2014,2013,2016,3,center_right,186
13,za,-0.19563430179894278,1432.0,2298.0,11993.0,15723.0,2014,2013,2016,3,center_right,194
24,se,-0.20935231168034832,2676.0,3780.0,7198.0,13654.0,2014,2013,2016,3,center_right,196
58,fi,-0.21967322234272207,1051.0,1547.0,4842.0,7440.0,2014,2013,2016,3,center_right,198
8,ch,-0.21990472783094045,3673.0,5232.0,6052.0,14957.0,2014,2013,2016,3,center_right,199
43,au,-0.29101390243674513,4809.0,8428.0,21835.0,35072.0,2014,2013,2016,3,center_right,212
67,dk,-0.2951455287639709,1556.5,2505.5,6614.0,10676.0,2014,2013,2016,3,center_right,213
41,ua,0.486275986173686,1231.0,441.0,11403.5,13075.5,2015,2014,2017,3,center_right,10
12,ir,0.4043157234181474,2569.0,865.0,16465.5,19899.5,2015,2014,2017,3,center_right,14
43,ng,0.3997205729602449,2692.0,965.0,11886.0,15543.0,2015,2014,2017,3,center_right,15
1,in,0.36575685189359336,10859.0,3954.0,77659.0,92472.0,2015,2014,2017,3,center_right,19
9,bd,0.32699770586833293,2064.0,818.0,7129.5,10011.5,2015,2014,2017,3,center_right,24
23,pk,0.3094688624807352,2714.0,1193.0,11138.0,15045.0,2015,2014,2017,3,center_right,29
7,co,0.23152832504497864,6222.5,4071.5,45441.5,55735.5,2015,2014,2017,3,center_right,42
140,gr,0.2298194469038256,2083.0,1021.0,4648.0,7752.0,2015,2014,2017,3,center_right,43
52,id,0.21201816437158003,2479.0,1259.0,17454.0,21192.0,2015,2014,2017,3,center_right,51
79,eg,0.205884130368042,2454.0,1298.0,8324.5,12076.5,2015,2014,2017,3,center_right,53
25,ru,0.1915947889614536,2196.0,1623.0,15809.5,19628.5,2015,2014,2017,3,center_right,55
4,cn,0.1502496762426792,16021.0,9333.0,40913.0,66267.0,2015,2014,2017,3,center_right,73
19,it,0.1349225715592485,8691.0,5980.0,25752.5,40423.5,2015,2014,2017,3,center_right,83
13,pe,0.109648455161315,1847.0,1544.0,22867.0,26258.0,2015,2014,2017,3,center_right,93
46,br,0.10169262469948756,9599.0,7259.0,145845.0,162703.0,2015,2014,2017,3,center_right,99
10,ec,0.09786413832906816,2328.0,2277.0,9751.0,14356.0,2015,2014,2017,3,center_right,100
2,es,0.05776545376329715,13168.0,11849.0,52116.5,77133.5,2015,2014,2017,3,center_right,113
35,pl,0.035205850313734015,1764.0,1550.0,12591.0,15905.0,2015,2014,2017,3,center_right,118
104,mx,0.03055709631354638,3336.0,3352.0,24686.0,31374.0,2015,2014,2017,3,center_right,121
118,ar,0.009335954264734516,1598.0,1766.0,9517.0,12881.0,2015,2014,2017,3,center_right,126
26,fr,-0.008411694040985004,10330.0,10073.0,19132.0,39535.0,2015,2014,2017,3,center_right,135
50,cl,-0.018684359071090423,2098.0,2240.0,8985.0,13323.0,2015,2014,2017,3,center_right,139
16,pt,-0.03216592644055583,4649.0,4968.0,29087.0,38704.0,2015,2014,2017,3,center_right,145
59,nl,-0.0686348684245621,5146.0,5519.0,8312.0,18977.0,2015,2014,2017,3,center_right,156
15,my,-0.07350751627271208,2441.0,3243.0,7595.0,13279.0,2015,2014,2017,3,center_right,158
37,tr,-0.08716054655506493,2785.0,3077.0,26713.0,32575.0,2015,2014,2017,3,center_right,163
53,jp,-0.10750732476952013,4014.0,4998.0,14686.0,23698.0,2015,2014,2017,3,center_right,169
8,ca,-0.1122513306607958,6471.0,7320.0,16331.0,30122.0,2015,2014,2017,3,center_right,172
57,ie,-0.11489896352543932,1897.0,2108.0,3953.0,7958.0,2015,2014,2017,3,center_right,174
14,de,-0.11555386289836132,11513.0,13646.0,23523.0,48682.0,2015,2014,2017,3,center_right,175
5,be,-0.12074277731896962,3081.0,3839.0,5588.0,12508.0,2015,2014,2017,3,center_right,178
22,kr,-0.1215676083545335,3022.0,3819.0,11008.0,17849.0,2015,2014,2017,3,center_right,179
71,at,-0.13671034801786375,2123.0,2496.0,4546.0,9165.0,2015,2014,2017,3,center_right,184
56,tw,-0.1398688211937592,1391.0,1727.0,5107.0,8225.0,2015,2014,2017,3,center_right,185
6,gb,-0.14936938728612972,20116.0,26296.0,54660.0,101072.0,2015,2014,2017,3,center_right,187
20,fi,-0.17155680082397914,1277.0,1660.0,5470.0,8407.0,2015,2014,2017,3,center_right,195
3,us,-0.1740176500317973,27665.0,40363.0,162678.0,230706.0,2015,2014,2017,3,center_right,196
92,za,-0.18889366004800906,1690.0,2650.0,14396.0,18736.0,2015,2014,2017,3,center_right,198
27,se,-0.23049466859417395,2958.0,4285.0,7511.0,14754.0,2015,2014,2017,3,center_right,205
28,ch,-0.2393925460821835,4057.0,5898.0,6781.5,16736.5,2015,2014,2017,3,center_right,208
31,au,-0.27205025511874537,5566.0,9302.0,25000.0,39868.0,2015,2014,2017,3,center_right,214
47,dk,-0.28192750145735446,1841.5,2832.5,7420.0,12094.0,2015,2014,2017,3,center_right,216
14,ua,0.441689463786318,1282.0,471.0,12062.5,13815.5,2016,2015,2018,3,center_right,11
21,ir,0.3907782072994948,2746.0,932.0,17633.0,21311.0,2016,2015,2018,3,center_right,14
23,ng,0.373355744166483,2709.0,1064.0,12494.0,16267.0,2016,2015,2018,3,center_right,16
16,in,0.36646622643167104,12379.0,4383.0,83162.0,99924.0,2016,2015,2018,3,center_right,17
1,pk,0.3179883530417783,3119.0,1347.0,12454.0,16920.0,2016,2015,2018,3,center_right,28
72,bd,0.3069867536566668,2294.0,936.0,7969.5,11199.5,2016,2015,2018,3,center_right,31
36,gr,0.22932823967879118,2195.0,1046.0,5008.0,8249.0,2016,2015,2018,3,center_right,48
132,id,0.20410020107480353,2727.0,1396.0,17801.5,21924.5,2016,2015,2018,3,center_right,57
35,eg,0.19982318816418024,2518.0,1347.0,8445.5,12310.5,2016,2015,2018,3,center_right,60
17,co,0.18634839150789806,6631.5,4574.5,49660.0,60866.0,2016,2015,2018,3,center_right,65
76,ru,0.16516931969091297,2342.0,1738.0,17117.5,21197.5,2016,2015,2018,3,center_right,69
15,it,0.1267549391775519,9546.0,6386.0,27630.5,43562.5,2016,2015,2018,3,center_right,79
18,cn,0.10686696700107047,17961.0,11283.0,44745.0,73989.0,2016,2015,2018,3,center_right,85
85,ec,0.09986312860882951,2687.0,2493.0,10271.0,15451.0,2016,2015,2018,3,center_right,87
3,br,0.07555307705089463,10485.0,7911.0,162314.5,180710.5,2016,2015,2018,3,center_right,98
8,pe,0.031097656633153076,2017.0,1871.0,26180.0,30068.0,2016,2015,2018,3,center_right,116
6,es,0.006095955880824884,13957.0,13316.0,57301.0,84574.0,2016,2015,2018,3,center_right,126
65,mx,-0.001975600638505858,3660.0,3743.0,27294.0,34697.0,2016,2015,2018,3,center_right,129
32,ar,-0.008681190678692437,1771.0,1906.0,10368.0,14045.0,2016,2015,2018,3,center_right,134
59,my,-0.01599575580235313,2736.0,3138.0,7723.0,13597.0,2016,2015,2018,3,center_right,137
9,fr,-0.026096808264698214,11098.0,10782.0,20446.0,42326.0,2016,2015,2018,3,center_right,140
104,pl,-0.0333697454511502,1864.0,1819.0,13931.0,17614.0,2016,2015,2018,3,center_right,144
69,cl,-0.05423096889972658,2270.0,2481.0,9887.0,14638.0,2016,2015,2018,3,center_right,153
37,tr,-0.09352975449330031,3113.0,3413.0,30255.0,36781.0,2016,2015,2018,3,center_right,161
11,pt,-0.10208662380851606,4842.0,5751.0,30390.5,40983.5,2016,2015,2018,3,center_right,164
19,nl,-0.10485978608333336,5682.0,6286.0,9218.0,21186.0,2016,2015,2018,3,center_right,165
75,be,-0.11507887683699781,3589.0,4198.0,6136.0,13923.0,2016,2015,2018,3,center_right,167
12,de,-0.12059710600218218,12997.0,14893.0,26318.0,54208.0,2016,2015,2018,3,center_right,168
13,ca,-0.12320022998149859,7062.0,7964.5,18493.5,33520.0,2016,2015,2018,3,center_right,170
87,kr,-0.1246004589848,3372.0,4178.0,12053.0,19603.0,2016,2015,2018,3,center_right,172
20,jp,-0.1319472354287841,4424.0,5645.0,16203.0,26272.0,2016,2015,2018,3,center_right,173
49,tw,-0.13225999141945216,1581.0,1886.0,5436.0,8903.0,2016,2015,2018,3,center_right,174
31,at,-0.15217711250123625,2377.0,2780.0,4961.0,10118.0,2016,2015,2018,3,center_right,181
22,gb,-0.15277438848634783,22353.5,28270.5,60542.0,111166.0,2016,2015,2018,3,center_right,182
54,ie,-0.16456192141631984,2042.0,2457.0,4412.0,8911.0,2016,2015,2018,3,center_right,189
38,za,-0.17608098899398955,1922.0,2865.0,16804.5,21591.5,2016,2015,2018,3,center_right,193
63,fi,-0.19569546939387145,1437.0,1885.0,6110.0,9432.0,2016,2015,2018,3,center_right,194
2,us,-0.19682295658080656,29793.5,44174.0,181747.5,255715.0,2016,2015,2018,3,center_right,196
61,se,-0.23568158401999656,3248.0,4546.0,7637.0,15431.0,2016,2015,2018,3,center_right,206
5,ch,-0.26573886436010224,4448.0,6585.0,7758.0,18791.0,2016,2015,2018,3,center_right,209
55,au,-0.2697498768352554,6138.0,9970.0,27663.0,43771.0,2016,2015,2018,3,center_right,211
100,dk,-0.2884430144093039,2114.5,3190.5,8053.0,13358.0,2016,2015,2018,3,center_right,213
11,ir,0.40407064453027247,2926.0,964.0,18050.0,21940.0,2017,2016,2019,3,center_right,10
106,ua,0.38634320106228137,1257.0,498.0,12634.0,14389.0,2017,2016,2019,3,center_right,12
33,in,0.37148280492780733,13620.0,4796.0,88176.5,106592.5,2017,2016,2019,3,center_right,14
4,ng,0.35954789715415575,2702.0,1137.0,12822.0,16661.0,2017,2016,2019,3,center_right,16
26,pk,0.3131171673081792,3451.0,1546.0,13450.0,18447.0,2017,2016,2019,3,center_right,22
20,bd,0.30519056628247593,2588.0,1085.0,8970.5,12643.5,2017,2016,2019,3,center_right,25
118,gr,0.2267435165954743,2292.0,1116.0,5539.0,8947.0,2017,2016,2019,3,center_right,41
23,eg,0.2207963568992016,2683.0,1389.0,8526.0,12598.0,2017,2016,2019,3,center_right,44
1,id,0.17313792770522538,2859.0,1618.0,17757.5,22234.5,2017,2016,2019,3,center_right,66
6,co,0.1550792688810381,6773.0,4872.0,52358.0,64003.0,2017,2016,2019,3,center_right,70
13,ru,0.15261095501305366,2460.0,1805.0,18281.0,22546.0,2017,2016,2019,3,center_right,72
3,ec,0.12150072747956057,2944.0,2510.0,11004.0,16458.0,2017,2016,2019,3,center_right,85
41,it,0.1090773055803035,10086.0,6937.0,29377.0,46400.0,2017,2016,2019,3,center_right,91
34,br,0.07493373461270968,11078.0,8158.0,180093.5,199329.5,2017,2016,2019,3,center_right,100
9,cn,0.07337161674618656,19630.0,13502.0,47982.0,81114.0,2017,2016,2019,3,center_right,102
21,my,0.022238087185004335,2834.0,3011.0,7773.0,13618.0,2017,2016,2019,3,center_right,122
56,ar,0.0018388466169521295,1942.0,1996.0,11039.0,14977.0,2017,2016,2019,3,center_right,131
43,pe,-0.008528991461155159,2148.0,2134.0,29812.5,34094.5,2017,2016,2019,3,center_right,134
49,fr,-0.023773636156585842,11823.0,11313.0,21699.0,44835.0,2017,2016,2019,3,center_right,138
64,mx,-0.028987352269200257,3912.0,4147.0,29155.0,37214.0,2017,2016,2019,3,center_right,141
5,es,-0.02999202737596812,14334.0,14510.0,61155.0,89999.0,2017,2016,2019,3,center_right,143
61,cl,-0.06484418112810288,2460.0,2707.0,10976.0,16143.0,2017,2016,2019,3,center_right,154
28,tr,-0.07632816497205694,3531.0,3743.0,34715.0,41989.0,2017,2016,2019,3,center_right,158
138,tw,-0.07805606208659265,1878.0,2034.0,5816.0,9728.0,2017,2016,2019,3,center_right,160
65,pl,-0.08449354618869886,1991.0,2134.0,15820.0,19945.0,2017,2016,2019,3,center_right,162
35,kr,-0.09885934839157397,3784.0,4466.0,12983.0,21233.0,2017,2016,2019,3,center_right,169
16,be,-0.11670621175727142,3934.0,4532.0,6886.0,15352.0,2017,2016,2019,3,center_right,171
77,nl,-0.11982933330916797,6173.0,6945.0,10162.0,23280.0,2017,2016,2019,3,center_right,172
27,jp,-0.12654232208652064,4930.0,6207.0,17864.0,29001.0,2017,2016,2019,3,center_right,175
8,de,-0.12703778675338723,14262.0,16394.0,29293.0,59949.0,2017,2016,2019,3,center_right,176
2,gb,-0.13189224524412083,24474.5,29115.5,65059.0,118649.0,2017,2016,2019,3,center_right,178
96,za,-0.13329402955952746,2081.0,2893.0,18574.5,23548.5,2017,2016,2019,3,center_right,181
51,pt,-0.13580671993318708,4896.0,6196.0,31293.0,42385.0,2017,2016,2019,3,center_right,183
48,ca,-0.1437737506134091,7537.0,8938.5,20443.5,36919.0,2017,2016,2019,3,center_right,186
84,at,-0.1725041820264238,2567.0,3111.0,5465.0,11143.0,2017,2016,2019,3,center_right,191
18,ie,-0.19522049759768506,2106.0,2737.0,4758.0,9601.0,2017,2016,2019,3,center_right,195
14,us,-0.19537004267506367,31899.5,46910.0,199333.0,278142.5,2017,2016,2019,3,center_right,196
32,fi,-0.21390484458675327,1575.0,2113.0,6836.0,10524.0,2017,2016,2019,3,center_right,202
25,se,-0.24639673650293384,3501.0,4951.0,7732.0,16184.0,2017,2016,2019,3,center_right,206
29,dk,-0.247869378402513,2486.0,3405.0,8716.0,14607.0,2017,2016,2019,3,center_right,208
10,au,-0.2508289459020881,6784.0,10610.0,30108.5,47502.5,2017,2016,2019,3,center_right,210
87,ch,-0.25932705122867683,5016.0,7276.0,8766.0,21058.0,2017,2016,2019,3,center_right,212
33,ir,0.42381925889307853,3261.0,975.0,17366.0,21602.0,2018,2017,2020,3,center_right,14
23,in,0.36715516408034377,14954.0,5257.0,94285.0,114496.0,2018,2017,2020,3,center_right,19
26,ng,0.3428652069825566,2770.0,1230.0,13798.5,17798.5,2018,2017,2020,3,center_right,21
25,ua,0.31807438645339664,1291.0,560.0,13165.0,15016.0,2018,2017,2020,3,center_right,23
112,bd,0.3101929931863485,2893.0,1188.0,10304.5,14385.5,2018,2017,2020,3,center_right,24
69,pk,0.27678039048520314,3670.0,1774.0,14284.0,19728.0,2018,2017,2020,3,center_right,33
11,eg,0.2322085004338279,2909.0,1460.0,8598.5,12967.5,2018,2017,2020,3,center_right,43
61,gr,0.18549562610110487,2370.0,1248.0,6096.0,9714.0,2018,2017,2020,3,center_right,57
14,co,0.13749670559790203,6712.0,4878.0,53765.0,65355.0,2018,2017,2020,3,center_right,70
51,id,0.12752225093316533,2879.0,1787.0,18954.0,23620.0,2018,2017,2020,3,center_right,73
74,ec,0.12525518286404486,3161.0,2567.0,11859.0,17587.0,2018,2017,2020,3,center_right,75
47,ru,0.12509123274850587,2589.0,1926.0,18916.5,23431.5,2018,2017,2020,3,center_right,76
19,br,0.09467026130826732,12081.0,8163.0,196807.0,217051.0,2018,2017,2020,3,center_right,88
2,it,0.06476035863868014,10452.0,7635.0,32273.0,50360.0,2018,2017,2020,3,center_right,102
28,cn,0.0418546673496055,21149.0,15538.0,50658.0,87345.0,2018,2017,2020,3,center_right,109
58,my,0.021539045626119385,2855.0,3001.0,7874.0,13730.0,2018,2017,2020,3,center_right,114
39,ar,0.010710273678843729,2086.0,2055.0,11590.0,15731.0,2018,2017,2020,3,center_right,120
13,mx,-0.020996667915331325,4161.0,4235.0,30147.5,38543.5,2018,2017,2020,3,center_right,128
34,pe,-0.028380002789767544,2309.0,2364.0,34248.5,38921.5,2018,2017,2020,3,center_right,131
1,fr,-0.03949681547375642,12422.0,11911.0,22928.0,47261.0,2018,2017,2020,3,center_right,134
60,tw,-0.06242788398846461,2106.0,2200.0,6272.0,10578.0,2018,2017,2020,3,center_right,142
42,tr,-0.0632733671864686,4005.0,4019.0,39145.0,47169.0,2018,2017,2020,3,center_right,143
3,kr,-0.06542286310815919,4246.0,4595.0,13898.0,22739.0,2018,2017,2020,3,center_right,144
30,cl,-0.06886696858554218,2612.0,2887.0,11983.0,17482.0,2018,2017,2020,3,center_right,146
22,es,-0.06934592971213335,14616.0,15642.0,65104.0,95362.0,2018,2017,2020,3,center_right,148
20,za,-0.07323624365480819,2275.5,2764.0,18806.0,23845.5,2018,2017,2020,3,center_right,149
8,gb,-0.1134147327512778,26789.5,29615.5,68818.5,125223.5,2018,2017,2020,3,center_right,161
76,jp,-0.11990289277023528,5358.0,6508.0,19471.0,31337.0,2018,2017,2020,3,center_right,164
41,pl,-0.12238031668360176,2135.0,2388.0,17368.0,21891.0,2018,2017,2020,3,center_right,167
7,de,-0.14794029551007612,15353.0,17878.0,32493.0,65724.0,2018,2017,2020,3,center_right,176
50,be,-0.14896691223021127,4158.0,4938.0,7686.0,16782.0,2018,2017,2020,3,center_right,177
63,nl,-0.15621787006323934,6646.0,7795.0,11333.0,25774.0,2018,2017,2020,3,center_right,178
12,ca,-0.1636510075131165,8034.0,9854.5,22308.5,40197.0,2018,2017,2020,3,center_right,180
40,pt,-0.18739542572182602,4880.0,6809.0,32619.0,44308.0,2018,2017,2020,3,center_right,189
24,at,-0.19804108953054514,2817.0,3454.0,6069.0,12340.0,2018,2017,2020,3,center_right,193
5,us,-0.20023751085642325,33735.5,49266.0,216570.5,299572.0,2018,2017,2020,3,center_right,197
80,ie,-0.21841362592834965,2200.0,2960.0,5137.0,10297.0,2018,2017,2020,3,center_right,198
35,dk,-0.25926148223012835,2734.0,3709.0,9248.5,15691.5,2018,2017,2020,3,center_right,208
4,au,-0.2610443470089339,7225.0,11373.0,31989.5,50587.5,2018,2017,2020,3,center_right,210
18,ch,-0.26386030810651473,5657.0,8045.0,9794.5,23496.5,2018,2017,2020,3,center_right,211
31,fi,-0.26673565144694555,1703.0,2451.0,7732.0,11886.0,2018,2017,2020,3,center_right,214
54,se,-0.2732970638924477,3740.0,5419.0,8061.0,17220.0,2018,2017,2020,3,center_right,215
61,ir,0.44611752954702544,3504.0,962.0,16269.0,20735.0,2019,2018,2021,3,center_right,13
21,ng,0.3705425780653322,2973.5,1238.5,13590.5,17802.5,2019,2018,2021,3,center_right,19
1,in,0.3515193621113097,15455.0,5614.0,97108.0,118177.0,2019,2018,2021,3,center_right,21
3,bd,0.30388894351066126,3163.0,1295.0,11295.5,15753.5,2019,2018,2021,3,center_right,28
80,ua,0.29044821728267844,1224.0,535.0,13365.5,15124.5,2019,2018,2021,3,center_right,32
57,pk,0.2719483739879782,3777.0,1812.0,14889.5,20478.5,2019,2018,2021,3,center_right,34
99,eg,0.23488747183637002,2963.0,1468.0,8533.5,12964.5,2019,2018,2021,3,center_right,41
44,ec,0.17604997062642141,3408.0,2385.0,12440.0,18233.0,2019,2018,2021,3,center_right,56
22,co,0.13872737988660724,6676.0,4700.0,53105.0,64481.0,2019,2018,2021,3,center_right,66
32,br,0.10998611989888543,12196.5,7822.5,199164.0,219183.0,2019,2018,2021,3,center_right,76
49,ru,0.1044915273348167,2657.0,1973.0,19394.5,24024.5,2019,2018,2021,3,center_right,79
116,gr,0.09002874616389711,2232.0,1400.0,6607.0,10239.0,2019,2018,2021,3,center_right,86
26,id,0.060066275917199645,2717.0,1924.0,18976.0,23617.0,2019,2018,2021,3,center_right,100
40,ar,0.024522381684801423,2191.0,2084.0,11528.0,15803.0,2019,2018,2021,3,center_right,115
16,it,0.020197902138667293,10510.0,8163.0,34771.0,53444.0,2019,2018,2021,3,center_right,118
11,cn,0.012771602108695011,21960.0,17114.0,52702.0,91776.0,2019,2018,2021,3,center_right,122
65,pe,-0.0020309488085159355,2452.0,2361.0,36216.0,41029.0,2019,2018,2021,3,center_right,126
14,my,-0.003480626243425662,2752.0,3052.5,7913.0,13717.5,2019,2018,2021,3,center_right,127
45,za,-0.0037390949362762728,2421.5,2589.0,17910.5,22921.0,2019,2018,2021,3,center_right,128
60,mx,-0.009317897487035312,4287.0,4238.0,29511.5,38036.5,2019,2018,2021,3,center_right,130
41,kr,-0.060630464516551005,4535.0,4769.5,14876.0,24180.5,2019,2018,2021,3,center_right,144
38,fr,-0.06113272601908592,12508.0,12210.0,23932.0,48650.0,2019,2018,2021,3,center_right,145
108,tw,-0.06550131390433617,2212.0,2288.0,6664.0,11164.0,2019,2018,2021,3,center_right,146
10,tr,-0.0726620885156202,4165.0,4168.0,42237.5,50570.5,2019,2018,2021,3,center_right,152
12,cl,-0.07425337990584051,2683.0,2990.0,12297.0,17970.0,2019,2018,2021,3,center_right,153
8,gb,-0.1057593294213407,28053.0,29726.0,70740.5,128519.5,2019,2018,2021,3,center_right,161
55,es,-0.11023392220156354,14351.0,16518.0,67963.0,98832.0,2019,2018,2021,3,center_right,166
59,jp,-0.13029595117914547,5499.0,6650.0,21186.0,33335.0,2019,2018,2021,3,center_right,174
27,pl,-0.14299355471802208,2281.0,2582.0,18366.0,23229.0,2019,2018,2021,3,center_right,179
28,ca,-0.17274659002429754,8240.0,10238.0,23778.0,42256.0,2019,2018,2021,3,center_right,185
68,nl,-0.17789106050362488,7014.0,8288.0,12441.0,27743.0,2019,2018,2021,3,center_right,187
5,de,-0.17991608609050638,15904.0,19118.0,35889.0,70911.0,2019,2018,2021,3,center_right,188
4,us,-0.19214370236760564,34948.5,49105.0,228625.0,312678.5,2019,2018,2021,3,center_right,194
20,be,-0.19672888073276082,4281.0,5441.0,8571.0,18293.0,2019,2018,2021,3,center_right,197
6,pt,-0.19929776092213464,4786.0,6726.0,33363.0,44875.0,2019,2018,2021,3,center_right,199
15,ie,-0.22663471299307766,2257.0,3048.0,5457.0,10762.0,2019,2018,2021,3,center_right,205
54,at,-0.2484687693659572,2945.0,3843.0,6686.0,13474.0,2019,2018,2021,3,center_right,207
19,au,-0.25120379676080834,7451.0,11368.0,33136.5,51955.5,2019,2018,2021,3,center_right,209
25,ch,-0.27874676320406466,6073.0,8624.0,10738.0,25435.0,2019,2018,2021,3,center_right,216
7,dk,-0.2817717491216499,2862.0,3930.0,9827.5,16619.5,2019,2018,2021,3,center_right,217
82,se,-0.29151288266277126,3942.0,5766.0,8339.0,18047.0,2019,2018,2021,3,center_right,218
67,fi,-0.30095552886395127,1775.0,2650.0,8597.5,13022.5,2019,2018,2021,3,center_right,223
34,ir,0.5083924547511234,4026.0,878.0,15332.0,20236.0,2020,2019,2022,3,center_right,9
18,ng,0.3949697562586076,3251.5,1268.5,13439.5,17959.5,2020,2019,2022,3,center_right,15
36,in,0.3461238762885988,16009.0,5894.0,102669.0,124572.0,2020,2019,2022,3,center_right,20
14,bd,0.31139463771348663,3397.0,1377.0,12161.5,16935.5,2020,2019,2022,3,center_right,24
101,ua,0.22638982755788256,1119.0,544.0,13628.5,15291.5,2020,2019,2022,3,center_right,43
65,pk,0.22259429265823413,3835.0,2026.0,16012.5,21873.5,2020,2019,2022,3,center_right,45
8,eg,0.20949837128817853,2807.0,1479.0,8274.0,12560.0,2020,2019,2022,3,center_right,47
55,ec,0.16712249010064217,3451.0,2338.0,13218.0,19007.0,2020,2019,2022,3,center_right,52
23,co,0.15441901132632543,6659.0,4434.0,51116.0,62209.0,2020,2019,2022,3,center_right,60
21,br,0.1283143423878471,11844.5,7224.5,194306.5,213375.5,2020,2019,2022,3,center_right,67
72,ru,0.11206825075328206,2718.0,1922.0,19286.5,23926.5,2020,2019,2022,3,center_right,75
39,za,0.05199166058220085,2571.0,2477.0,17331.5,22379.5,2020,2019,2022,3,center_right,99
19,ar,0.031862416835315675,2328.0,2161.0,11282.0,15771.0,2020,2019,2022,3,center_right,106
30,id,0.021721710424277556,2662.0,2052.0,19192.0,23906.0,2020,2019,2022,3,center_right,109
71,mx,0.008127681921079169,4480.0,4242.0,28545.0,37267.0,2020,2019,2022,3,center_right,115
62,pe,-0.002787765524293448,2551.0,2407.0,37210.0,42168.0,2020,2019,2022,3,center_right,118
13,gr,-0.005125389165324362,2043.0,1515.0,7103.0,10661.0,2020,2019,2022,3,center_right,122
12,cn,-0.02218074318033996,22056.0,18538.0,55390.5,95984.5,2020,2019,2022,3,center_right,128
27,my,-0.023281148445153433,2727.0,3098.5,7928.0,13753.5,2020,2019,2022,3,center_right,130
1,it,-0.03659081335748818,10393.0,8862.0,37656.0,56911.0,2020,2019,2022,3,center_right,136
53,cl,-0.048576608529813964,2851.0,2962.0,12364.0,18177.0,2020,2019,2022,3,center_right,144
7,kr,-0.053372192477240295,4838.0,4926.5,15738.0,25502.5,2020,2019,2022,3,center_right,145
61,tr,-0.06070586375410309,4253.0,4109.0,41964.5,50326.5,2020,2019,2022,3,center_right,147
26,fr,-0.07652509385744294,12497.0,12216.0,24695.0,49408.0,2020,2019,2022,3,center_right,157
44,tw,-0.0885709408199723,2206.0,2368.0,7219.0,11793.0,2020,2019,2022,3,center_right,162
4,gb,-0.09019386833729018,28907.0,29109.0,73703.5,131719.5,2020,2019,2022,3,center_right,164
22,jp,-0.1104812812684846,5554.0,6338.0,22547.0,34439.0,2020,2019,2022,3,center_right,167
2,es,-0.1489557335595125,14032.0,17198.0,72220.0,103450.0,2020,2019,2022,3,center_right,177
77,pl,-0.1766115774204792,2338.0,2804.0,17923.0,23065.0,2020,2019,2022,3,center_right,187
5,us,-0.18356437947656415,35794.5,49000.0,236710.0,321504.5,2020,2019,2022,3,center_right,189
38,ca,-0.18399426478084646,8292.0,10618.0,25104.0,44014.0,2020,2019,2022,3,center_right,191
11,de,-0.20409434588118563,16471.0,20265.0,39066.0,75802.0,2020,2019,2022,3,center_right,199
24,nl,-0.2066610485142821,7302.0,8885.0,14162.0,30349.0,2020,2019,2022,3,center_right,202
45,au,-0.20966583203643366,7546.0,10525.0,34147.5,52218.5,2020,2019,2022,3,center_right,203
29,pt,-0.21027519138264597,4704.0,6622.0,34571.0,45897.0,2020,2019,2022,3,center_right,204
49,ie,-0.23215672141550547,2343.0,3193.0,5980.0,11516.0,2020,2019,2022,3,center_right,210
28,be,-0.23680075169952067,4491.0,5992.0,9456.0,19939.0,2020,2019,2022,3,center_right,212
17,se,-0.2812229950892627,4157.0,5749.0,8560.0,18466.0,2020,2019,2022,3,center_right,222
35,at,-0.29057148119469645,3073.0,4204.0,7038.0,14315.0,2020,2019,2022,3,center_right,224
57,ch,-0.29619862332095276,6486.0,9281.0,11822.0,27589.0,2020,2019,2022,3,center_right,227
46,dk,-0.3195539057543075,2869.0,4148.0,10289.5,17306.5,2020,2019,2022,3,center_right,231
52,fi,-0.3336542531278353,1846.0,2907.0,9448.5,14201.5,2020,2019,2022,3,center_right,232
39,ir,0.569661686838692,4620.0,769.0,14149.0,19538.0,2021,2020,2023,3,center_right,5
89,ng,0.44362178220696125,3631.5,1227.5,12349.0,17208.0,2021,2020,2023,3,center_right,10
26,ua,0.3618700572731383,1658.0,541.0,13676.0,15875.0,2021,2020,2023,3,center_right,18
43,in,0.3482256987727021,17340.0,6119.0,109360.5,132819.5,2021,2020,2023,3,center_right,20
118,bd,0.32088777476372515,3840.0,1486.0,12983.0,18309.0,2021,2020,2023,3,center_right,26
47,pk,0.21874052428445265,4137.0,2159.0,17621.5,23917.5,2021,2020,2023,3,center_right,46
27,ru,0.18036502525456363,2971.0,1786.0,18204.0,22961.0,2021,2020,2023,3,center_right,58
13,eg,0.17982008317246626,2576.0,1431.0,7747.0,11754.0,2021,2020,2023,3,center_right,59
7,co,0.1765760497406894,6714.0,4158.0,48620.5,59492.5,2021,2020,2023,3,center_right,60
33,ec,0.16654702612382136,3313.0,2187.0,13906.0,19406.0,2021,2020,2023,3,center_right,62
11,br,0.1647461676176083,11832.5,6606.0,184094.0,202532.5,2021,2020,2023,3,center_right,63
48,za,0.09722993437459812,2668.5,2335.0,17334.0,22337.5,2021,2020,2023,3,center_right,81
51,ar,0.0703243253474479,2533.0,2157.0,10904.0,15594.0,2021,2020,2023,3,center_right,93
80,pe,0.028233213630153797,2667.0,2330.0,35865.0,40862.0,2021,2020,2023,3,center_right,109
53,mx,0.01635922116300149,4562.0,4250.0,27615.0,36427.0,2021,2020,2023,3,center_right,117
38,id,0.0004578002365025364,2706.0,2182.0,19603.0,24491.0,2021,2020,2023,3,center_right,124
32,tr,-0.002069574007932892,4561.0,3840.0,39992.0,48393.0,2021,2020,2023,3,center_right,127
34,my,-0.01407942891662466,2815.0,3118.5,7731.0,13664.5,2021,2020,2023,3,center_right,131
22,cn,-0.03223607768120429,21861.0,18267.0,57980.0,98108.0,2021,2020,2023,3,center_right,134
92,cl,-0.033892902128258254,2922.0,2844.0,12583.0,18349.0,2021,2020,2023,3,center_right,135
29,gr,-0.050631526585886016,1900.0,1500.0,7283.0,10683.0,2021,2020,2023,3,center_right,143
54,kr,-0.07537938303803153,5068.0,5267.5,16308.0,26643.5,2021,2020,2023,3,center_right,152
21,it,-0.08399119571629954,10452.0,9647.0,39893.0,59992.0,2021,2020,2023,3,center_right,154
10,fr,-0.0914939621708236,12356.0,12119.0,25067.0,49542.0,2021,2020,2023,3,center_right,155
62,tw,-0.10169407820986569,2237.0,2412.0,7472.0,12121.0,2021,2020,2023,3,center_right,162
3,gb,-0.1045197762018777,28508.0,29477.0,77275.0,135260.0,2021,2020,2023,3,center_right,165
20,jp,-0.10810545808366882,5593.0,6215.0,23803.0,35611.0,2021,2020,2023,3,center_right,169
8,au,-0.16642307240404877,7494.0,9549.0,34896.5,51939.5,2021,2020,2023,3,center_right,187
5,es,-0.17574249638884085,13966.0,17869.0,73746.0,105581.0,2021,2020,2023,3,center_right,190
17,pt,-0.17857126854230357,4810.0,6209.0,34891.0,45910.0,2021,2020,2023,3,center_right,192
104,pl,-0.19059541743106526,2393.0,3022.0,16989.0,22404.0,2021,2020,2023,3,center_right,200
24,ca,-0.2020035588044767,8290.0,11036.0,25989.0,45315.0,2021,2020,2023,3,center_right,202
12,us,-0.2080661980449863,35175.0,51145.0,241218.0,327538.0,2021,2020,2023,3,center_right,204
19,de,-0.22584794230223645,16877.0,21370.0,41027.0,79274.0,2021,2020,2023,3,center_right,206
1,nl,-0.22725140565054558,7453.0,9161.0,15586.0,32200.0,2021,2020,2023,3,center_right,208
2,se,-0.26232290619131476,4366.0,5677.0,8410.0,18453.0,2021,2020,2023,3,center_right,215
107,ie,-0.26568652176952995,2413.0,3489.0,6298.0,12200.0,2021,2020,2023,3,center_right,217
69,be,-0.2659640063305136,4676.0,6473.0,9846.0,20995.0,2021,2020,2023,3,center_right,218
77,at,-0.312113023790518,3174.0,4418.0,7165.0,14757.0,2021,2020,2023,3,center_right,225
23,ch,-0.3212928814206127,6749.0,9900.0,12731.0,29380.0,2021,2020,2023,3,center_right,227
99,fi,-0.35510456182794586,1877.0,3107.0,9876.5,14860.5,2021,2020,2023,3,center_right,230
60,dk,-0.35841704539977365,2878.0,4444.0,10898.0,18220.0,2021,2020,2023,3,center_right,231
20,ir,0.6123080319874684,5324.0,637.0,12662.0,18623.0,2022,2021,2024,3,center_right,3
9,ng,0.48431847743926776,4123.0,1162.0,11673.5,16958.5,2022,2021,2024,3,center_right,10
21,ua,0.4116235407736921,2040.0,560.0,13984.0,16584.0,2022,2021,2024,3,center_right,13
17,in,0.36153896870821634,19289.5,6089.0,113249.5,138628.0,2022,2021,2024,3,center_right,22
45,bd,0.3364991954372697,4366.0,1533.0,13928.0,19827.0,2022,2021,2024,3,center_right,26
18,pk,0.2890173199858932,4911.0,2095.0,18066.0,25072.0,2022,2021,2024,3,center_right,36
35,ru,0.28047280357614857,3273.0,1547.0,16411.0,21231.0,2022,2021,2024,3,center_right,37
13,co,0.18770571754821716,6574.0,3789.0,44934.5,55297.5,2022,2021,2024,3,center_right,57
72,eg,0.18423489505311477,2514.0,1324.0,6987.0,10825.0,2022,2021,2024,3,center_right,58
44,br,0.17905357254060916,11990.0,6198.5,175290.5,193479.0,2022,2021,2024,3,center_right,61
107,za,0.12854158126331827,2820.5,2226.0,17253.0,22299.5,2022,2021,2024,3,center_right,73
47,ar,0.08544317311180556,2636.0,2068.0,10475.0,15179.0,2022,2021,2024,3,center_right,87
36,tr,0.08055353444798828,5093.0,3466.5,35889.0,44448.5,2022,2021,2024,3,center_right,92
28,ec,0.0741222594382045,2934.0,2251.0,14858.0,20043.0,2022,2021,2024,3,center_right,94
41,id,0.04081789401717688,2859.0,2114.0,19815.0,24788.0,2022,2021,2024,3,center_right,104
25,pe,0.0354281430476747,2681.0,2210.0,34629.0,39520.0,2022,2021,2024,3,center_right,106
64,mx,0.01619321746658502,4581.0,4125.0,26593.0,35299.0,2022,2021,2024,3,center_right,118
34,my,-0.004475319891882046,2959.0,3137.0,7256.0,13352.0,2022,2021,2024,3,center_right,127
43,cl,-0.03203974468827737,2968.0,2729.0,12889.0,18586.0,2022,2021,2024,3,center_right,129
12,cn,-0.035859018145094644,21360.5,17274.0,59015.0,97649.5,2022,2021,2024,3,center_right,132
84,gr,-0.04327279145621306,1878.0,1414.0,6793.0,10085.0,2022,2021,2024,3,center_right,134
22,kr,-0.06946839960880058,5248.0,5239.0,16063.0,26550.0,2022,2021,2024,3,center_right,143
78,tw,-0.09569394145307529,2274.0,2373.0,7391.0,12038.0,2022,2021,2024,3,center_right,152
77,jp,-0.09870680512238843,5739.5,6119.0,24193.0,36051.5,2022,2021,2024,3,center_right,154
68,fr,-0.1139178399013858,12115.0,11979.0,24250.0,48344.0,2022,2021,2024,3,center_right,162
6,it,-0.12353941293933013,10614.0,10449.0,40826.0,61889.0,2022,2021,2024,3,center_right,167
3,gb,-0.1347890623094446,27526.5,30049.0,79353.0,136928.5,2022,2021,2024,3,center_right,172
4,pl,-0.16546270388694742,2524.0,3054.0,15688.0,21266.0,2022,2021,2024,3,center_right,181
32,pt,-0.17371193955210357,4829.0,5994.0,34450.0,45273.0,2022,2021,2024,3,center_right,184
7,au,-0.18987136170286878,7201.0,9586.0,35030.5,51817.5,2022,2021,2024,3,center_right,188
15,es,-0.19936714477550083,13869.0,17988.0,72691.0,104548.0,2022,2021,2024,3,center_right,193
5,ca,-0.22750295460942327,8260.0,11375.0,25918.0,45553.0,2022,2021,2024,3,center_right,205
14,de,-0.2374335407857679,17002.0,21738.0,40651.0,79391.0,2022,2021,2024,3,center_right,206
46,nl,-0.2569816347292887,7317.0,9292.0,16834.0,33443.0,2022,2021,2024,3,center_right,210
10,us,-0.25813263418146104,33358.5,54779.5,237887.0,326025.0,2022,2021,2024,3,center_right,211
19,se,-0.26619834168779805,4362.0,5566.5,7956.0,17884.5,2022,2021,2024,3,center_right,215
2,be,-0.27979463563986756,4773.0,6583.0,9642.0,20998.0,2022,2021,2024,3,center_right,218
31,ie,-0.2972064589770218,2469.0,3730.0,6329.0,12528.0,2022,2021,2024,3,center_right,220
11,at,-0.3070536233743849,3301.0,4444.0,6706.0,14451.0,2022,2021,2024,3,center_right,223
23,ch,-0.3334603646000997,6932.0,10102.0,13038.0,30072.0,2022,2021,2024,3,center_right,228
33,fi,-0.3790797809965088,1874.0,3296.0,9957.0,15127.0,2022,2021,2024,3,center_right,232
30,dk,-0.3875734937803726,2824.0,4517.0,11090.0,18431.0,2022,2021,2024,3,center_right,233
9,ir,0.6337122140476764,5220.0,527.0,9995.0,15742.0,2023,2022,2025,3,center_right,1
106,ng,0.5355489151889059,4199.0,995.0,10021.5,15215.5,2023,2022,2025,3,center_right,8
62,ua,0.44000762728160425,2085.0,537.0,13021.0,15643.0,2023,2022,2025,3,center_right,14
38,pk,0.43583692808630814,5388.0,1586.0,16242.0,23216.0,2023,2022,2025,3,center_right,15
33,in,0.38346906034543005,19360.5,5630.0,103584.5,128575.0,2023,2022,2025,3,center_right,24
47,bd,0.382494129912457,4592.0,1367.0,13748.0,19707.0,2023,2022,2025,3,center_right,25
35,ru,0.36524761454620946,3077.0,1253.0,13507.0,17837.0,2023,2022,2025,3,center_right,27
46,eg,0.24845646088224896,2434.0,1091.0,5642.0,9167.0,2023,2022,2025,3,center_right,42
17,co,0.20118583108315716,5964.0,3332.0,38315.5,47611.5,2023,2022,2025,3,center_right,50
60,br,0.16942569615574452,11292.0,6006.5,156996.5,174295.0,2023,2022,2025,3,center_right,59
32,tr,0.15465825853889567,5010.0,2870.5,30743.5,38624.0,2023,2022,2025,3,center_right,63
42,ar,0.125365037994367,2497.0,1790.0,8843.0,13130.0,2023,2022,2025,3,center_right,73
11,za,0.11945088441978285,2530.0,2057.0,15369.0,19956.0,2023,2022,2025,3,center_right,74
30,id,0.10004649413282167,2785.0,1877.0,18220.0,22882.0,2023,2022,2025,3,center_right,83
48,ec,0.08683179251570643,2602.0,1963.0,14430.0,18995.0,2023,2022,2025,3,center_right,90
117,pe,0.08490524136850544,2518.0,1884.0,30445.5,34847.5,2023,2022,2025,3,center_right,91
45,mx,0.04526708446549225,4200.0,3583.0,23459.0,31242.0,2023,2022,2025,3,center_right,106
16,my,0.03968467471151292,2827.0,2835.0,6285.0,11947.0,2023,2022,2025,3,center_right,109
1,cn,0.011436547569675498,20252.5,14806.0,54410.0,89468.5,2023,2022,2025,3,center_right,118
36,gr,-0.011814458293059917,1702.0,1230.0,5664.0,8596.0,2023,2022,2025,3,center_right,127
5,kr,-0.024463742335444967,5068.0,4631.0,14726.0,24425.0,2023,2022,2025,3,center_right,129
84,cl,-0.04344059878329228,2659.0,2494.0,12140.0,17293.0,2023,2022,2025,3,center_right,136
81,tw,-0.05759052849586883,2181.0,2151.0,6654.0,10986.0,2023,2022,2025,3,center_right,141
23,jp,-0.10144395221444236,5443.5,5979.5,23423.0,34846.0,2023,2022,2025,3,center_right,159
111,pl,-0.11567439138885888,2525.0,2831.0,14249.0,19605.0,2023,2022,2025,3,center_right,161
24,fr,-0.12703588539561042,10993.0,11315.0,21773.0,44081.0,2023,2022,2025,3,center_right,165
26,it,-0.13646031646315124,10048.0,10399.0,37233.0,57680.0,2023,2022,2025,3,center_right,169
2,gb,-0.1466271128003437,24833.5,28686.5,74836.0,128356.0,2023,2022,2025,3,center_right,172
20,pt,-0.15156820700726706,4513.0,5384.0,30669.0,40566.0,2023,2022,2025,3,center_right,175
4,es,-0.19974729656692317,12756.0,16854.0,64608.0,94218.0,2023,2022,2025,3,center_right,193
7,ca,-0.21277636510909267,7814.0,10513.0,23715.0,42042.0,2023,2022,2025,3,center_right,196
14,de,-0.2128832335719665,16023.5,19933.0,36319.0,72275.5,2023,2022,2025,3,center_right,198
13,au,-0.23180268724425054,6335.0,9568.5,31989.0,47892.5,2023,2022,2025,3,center_right,204
41,be,-0.24884305184766167,4542.0,5999.0,8370.0,18911.0,2023,2022,2025,3,center_right,210
3,nl,-0.24996719448600224,6753.0,8608.0,16469.0,31830.0,2023,2022,2025,3,center_right,211
37,se,-0.25316752081455807,4084.0,5226.5,6957.0,16267.5,2023,2022,2025,3,center_right,213
71,at,-0.27040927755609684,3169.0,4070.0,5910.0,13149.0,2023,2022,2025,3,center_right,216
12,us,-0.2937207402431057,29211.5,54806.0,217917.5,301935.0,2023,2022,2025,3,center_right,219
49,ch,-0.306314620305341,6652.0,9248.5,11956.0,27856.5,2023,2022,2025,3,center_right,221
56,ie,-0.3189931265241282,2351.0,3748.0,5847.0,11946.0,2023,2022,2025,3,center_right,224
64,fi,-0.36801026182038094,1786.0,3254.0,9288.0,14328.0,2023,2022,2025,3,center_right,229
55,dk,-0.3997838331843837,2605.0,4403.0,10880.0,17888.0,2023,2022,2025,3,center_right,231
17,ir,0.6266239930558389,4015.0,361.0,6636.0,11012.0,2024,2023,2026,3,center_right,9
3,ng,0.5359740969992045,3335.0,731.0,7219.5,11285.5,2024,2023,2026,3,center_right,11
9,pk,0.5317416310263111,4592.0,930.0,11210.0,16732.0,2024,2023,2026,3,center_right,12
46,ru,0.39657637745637525,2160.5,811.0,9224.0,12195.5,2024,2023,2026,3,center_right,25
49,bd,0.3919672611178566,3733.0,995.0,10648.0,15376.0,2024,2023,2026,3,center_right,26
8,in,0.3665656119677382,15133.5,4371.0,75471.5,94976.0,2024,2023,2026,3,center_right,32
99,ua,0.3315170419124512,1212.0,405.5,9635.0,11252.5,2024,2023,2026,3,center_right,34
88,eg,0.26800248279276717,1835.0,746.0,3810.0,6391.0,2024,2023,2026,3,center_right,43
14,co,0.16700848675232705,4331.0,2449.0,26366.0,33146.0,2024,2023,2026,3,center_right,60
48,tr,0.16693840013273517,3918.0,2064.5,21860.0,27842.5,2024,2023,2026,3,center_right,62
58,id,0.13874620624282494,2204.0,1341.0,12930.0,16475.0,2024,2023,2026,3,center_right,73
33,br,0.11184000740627476,8433.0,4929.5,117789.5,131152.0,2024,2023,2026,3,center_right,81
66,ar,0.10856258945921622,1883.5,1313.5,6028.0,9225.0,2024,2023,2026,3,center_right,82
22,ec,0.0626840424241419,1945.0,1467.0,11043.0,14455.0,2024,2023,2026,3,center_right,96
65,za,0.06207819312463251,1877.0,1680.5,11493.5,15051.0,2024,2023,2026,3,center_right,97
50,pe,0.05843310330044085,1848.0,1379.0,22077.5,25304.5,2024,2023,2026,3,center_right,98
5,my,0.03105855077562619,2173.0,2161.0,4573.0,8907.0,2024,2023,2026,3,center_right,107
16,mx,0.01901915764658448,3087.0,2626.0,16817.5,22530.5,2024,2023,2026,3,center_right,112
4,cn,0.004337972778594094,16161.5,11344.0,42063.5,69569.0,2024,2023,2026,3,center_right,119
43,kr,-0.002937709111872583,4066.0,3383.0,11623.0,19072.0,2024,2023,2026,3,center_right,123
124,tw,-0.0352899218985021,1732.0,1587.0,5059.0,8378.0,2024,2023,2026,3,center_right,130
121,gr,-0.039299914948267664,1266.0,933.0,3885.0,6084.0,2024,2023,2026,3,center_right,131
20,cl,-0.07312782156815481,2030.0,1947.0,9291.0,13268.0,2024,2023,2026,3,center_right,146
71,pl,-0.0990757586489371,2042.0,2102.0,10409.0,14553.0,2024,2023,2026,3,center_right,151
77,jp,-0.11947518019299903,4311.5,4752.5,19420.0,28484.0,2024,2023,2026,3,center_right,154
18,it,-0.1501616999443142,7897.0,8143.0,27215.0,43255.0,2024,2023,2026,3,center_right,165
97,fr,-0.15313237602587265,8385.0,8754.0,16055.0,33194.0,2024,2023,2026,3,center_right,167
10,gb,-0.16992133016706604,18924.5,22142.5,57790.0,98857.0,2024,2023,2026,3,center_right,175
38,pt,-0.1712619197455114,3364.0,3994.0,21874.0,29232.0,2024,2023,2026,3,center_right,176
23,de,-0.20920397678330788,12535.5,14814.0,27014.0,54363.5,2024,2023,2026,3,center_right,187
62,ca,-0.2182945910629436,6135.0,7954.0,18113.0,32202.0,2024,2023,2026,3,center_right,188
25,es,-0.22285494952398766,9513.5,12603.0,47511.0,69627.5,2024,2023,2026,3,center_right,189
11,be,-0.24487972198318025,3613.0,4547.5,6179.0,14339.5,2024,2023,2026,3,center_right,196
34,nl,-0.26905363559238793,5230.0,6712.0,13830.0,25772.0,2024,2023,2026,3,center_right,203
28,at,-0.28115629059668007,2448.0,3129.0,4262.0,9839.0,2024,2023,2026,3,center_right,206
53,se,-0.28459841917443374,3099.0,4069.5,5239.0,12407.5,2024,2023,2026,3,center_right,208
42,ch,-0.2983545308673931,5312.0,6963.5,9135.0,21410.5,2024,2023,2026,3,center_right,211
26,au,-0.29895783422376776,4770.5,8128.5,24726.0,37625.0,2024,2023,2026,3,center_right,212
1,us,-0.3173898490291792,22436.0,43137.0,164842.0,230415.0,2024,2023,2026,3,center_right,216
15,ie,-0.3445293112258092,1834.0,2982.0,4402.0,9218.0,2024,2023,2026,3,center_right,219
7,fi,-0.39991666794102637,1404.0,2701.0,7663.0,11768.0,2024,2023,2026,3,center_right,227
51,dk,-0.43693062634281105,2013.0,3546.0,9323.0,14882.0,2024,2023,2026,3,center_right,228
40,ir,0.6030923548593864,2197.0,181.0,3143.0,5521.0,2025,2024,2027,3,center_right,12
8,pk,0.563637635150669,2768.0,441.0,5738.0,8947.0,2025,2024,2027,3,center_right,14
33,ng,0.5076837121663372,1885.0,404.0,3917.0,6206.0,2025,2024,2027,3,center_right,18
12,bd,0.40850385766377373,2285.0,507.0,5784.0,8576.0,2025,2024,2027,3,center_right,27
15,in,0.3360845334289373,8546.0,2482.0,40162.5,51190.5,2025,2024,2027,3,center_right,36
35,ru,0.3128604546944797,1017.5,462.0,4660.0,6139.5,2025,2024,2027,3,center_right,43
44,eg,0.27281167734275225,1044.0,387.0,1899.0,3330.0,2025,2024,2027,3,center_right,46
79,ua,0.1659177579564259,507.0,232.5,5095.0,5834.5,2025,2024,2027,3,center_right,64
46,tr,0.13554399467395556,2119.0,1112.0,11595.5,14826.5,2025,2024,2027,3,center_right,73
21,co,0.1277727361743812,2392.0,1378.0,13558.0,17328.0,2025,2024,2027,3,center_right,75
9,id,0.10854226595679675,1294.0,790.0,7119.0,9203.0,2025,2024,2027,3,center_right,81
107,ec,0.0927462769869848,1136.0,762.0,6013.0,7911.0,2025,2024,2027,3,center_right,86
43,ar,0.07703224833623405,1046.5,734.5,2942.0,4723.0,2025,2024,2027,3,center_right,91
58,pe,0.03687259255932699,1017.0,746.0,11790.0,13553.0,2025,2024,2027,3,center_right,102
3,br,0.018498667715882308,4539.0,3117.5,67360.5,75017.0,2025,2024,2027,3,center_right,106
48,kr,0.014031381141413638,2410.0,1790.0,6664.0,10864.0,2025,2024,2027,3,center_right,107
100,my,0.002892515202489929,1182.0,1180.0,2514.0,4876.0,2025,2024,2027,3,center_right,111
74,mx,-0.0018016729060086642,1739.0,1436.0,8945.5,12120.5,2025,2024,2027,3,center_right,112
5,cn,-0.003176954048856848,10001.0,6617.0,24810.5,41428.5,2025,2024,2027,3,center_right,114
77,tw,-0.03920437247461351,1018.0,890.0,2826.0,4734.0,2025,2024,2027,3,center_right,121
102,za,-0.07230722468067623,943.0,1079.5,6337.5,8360.0,2025,2024,2027,3,center_right,134
26,cl,-0.09318615485860729,1157.0,1090.0,5162.0,7409.0,2025,2024,2027,3,center_right,139
73,gr,-0.09432409817940206,663.0,516.0,2014.0,3193.0,2025,2024,2027,3,center_right,140
76,pl,-0.13131146685350456,1179.0,1205.0,5713.0,8097.0,2025,2024,2027,3,center_right,146
25,jp,-0.14533691404197543,2486.0,2726.5,11639.0,16851.5,2025,2024,2027,3,center_right,148
36,fr,-0.1896098963199901,4786.0,5060.0,8899.0,18745.0,2025,2024,2027,3,center_right,161
29,it,-0.19374049958466225,4492.0,4742.0,14486.0,23720.0,2025,2024,2027,3,center_right,164
30,pt,-0.19621483345675278,1859.0,2127.0,11050.0,15036.0,2025,2024,2027,3,center_right,168
2,gb,-0.19655260164313748,10826.0,12470.5,33307.0,56603.5,2025,2024,2027,3,center_right,169
10,de,-0.21728675732588065,7258.5,8085.0,14682.0,30025.5,2025,2024,2027,3,center_right,174
71,ca,-0.23655734749117574,3594.0,4501.0,10292.0,18387.0,2025,2024,2027,3,center_right,184
22,es,-0.2527589501357627,5298.5,7006.0,25648.0,37952.5,2025,2024,2027,3,center_right,188
11,be,-0.2577956875890397,2120.0,2568.5,3408.0,8096.5,2025,2024,2027,3,center_right,191
6,nl,-0.2939211756583266,3042.0,3877.0,8373.0,15292.0,2025,2024,2027,3,center_right,201
63,ch,-0.2996172736005599,3146.0,3868.5,5063.0,12077.5,2025,2024,2027,3,center_right,203
17,se,-0.3040050832095006,1835.0,2352.0,2903.0,7090.0,2025,2024,2027,3,center_right,204
114,at,-0.30972913435080146,1385.0,1770.0,2351.0,5506.0,2025,2024,2027,3,center_right,207
19,us,-0.34759678424201845,12895.0,25154.5,93705.0,131754.5,2025,2024,2027,3,center_right,212
78,au,-0.35390226219206794,2655.5,4868.5,13879.0,21403.0,2025,2024,2027,3,center_right,213
14,ie,-0.4060243998995924,1051.0,1831.0,2567.0,5449.0,2025,2024,2027,3,center_right,219
105,fi,-0.4325269068057597,837.0,1644.0,4618.0,7099.0,2025,2024,2027,3,center_right,221
18,dk,-0.4872380958175496,1165.0,2161.0,5852.0,9178.0,2025,2024,2027,3,center_right,225
